{"init_keypoint_positions": [[0.014775469955056908, -0.0644140625, 0.20707661921158432], [0.042176648288965224, -0.0323125, 0.3247437842786312], [-0.2101415725946426, -0.029375, 0.5265983763933182], [0.03926791632175447, -0.0225, 0.4397657574415207], [0.040805247418582435, 0.01771875, 0.32327965534478426], [0.013360139112919556, 0.05765625, 0.04172765256837008], [0.010628324633464248, 0.049460937499999996, 0.207833086008206], [-0.17043195463344457, 0.06712499999999999, 0.5178819270245731], [-0.11842609502002599, 0.08292187499999999, 0.4660322373025119], [-0.03315766578912738, 0.092, 0.3952562389969826]], "num_keypoints": 10, "num_stages": 2, "grasp_keypoints": [0, -1], "release_keypoints": [-1, -1]}