{"init_keypoint_positions": [[0.03711564239114523, -0.059375, 0.32367008987814183], [-0.04497806625068185, -0.052992187499999996, 0.4187994335144758], [0.013660291410982572, -0.05765625, 0.1990043881163001], [-0.2101415725946426, -0.029375, 0.5265983763933182], [0.04367494448274378, -0.013453125, 0.43752075950056313], [0.041078551821410625, 0.017390625, 0.3320253858044744], [-0.002739179180935025, 0.048828125, 0.041800859617069364], [0.009586352298036227, 0.046781249999999996, 0.19329916565679017], [0.005307439472526321, 0.058359375, 0.3042947841621935], [-0.17043195463344452, 0.06712499999999999, 0.5178819270245731], [-0.1206588916555047, 0.0800625, 0.4678184747472406], [-0.03315766578912738, 0.092, 0.3952562389969826]], "num_keypoints": 12, "num_stages": 1, "grasp_keypoints": [0], "release_keypoints": [-1]}